Â∫èË?,?≠Á?,Â≠∏Ë?,ÂßìÂ?,GitHub,‰ΩúÊ•≠‰∏Ä,‰ΩúÊ•≠‰∫?‰ΩúÊ•≠‰∏?‰ΩúÊ•≠??‰ΩúÊ•≠‰∫?‰ΩúÊ•≠??‰ΩúÊ•≠‰∏?‰ΩúÊ•≠??‰ΩúÊ•≠‰π?‰ΩúÊ•≠??1,?ªË?Ë≥áÂ?,112590245,?•È?Êπ?gUu2NpUJGX,5,8,7,0,6,10,1,5,0,1
2,?µÊñ∞AI,111C52345,?ÇÈ•Ω??i7lnObHLV4,0,3,3,4,8,9,0,3,6,3,,,,,,
3,Ë≥áÂ∑•Á≥?111C52149,?ßËÄÜÊ?,vnhgARvX4G,4,8,6,5,8,1,5,0,10,6,,,,,,
4,?µÊñ∞AI,111590839,Á´¢Êª´Ê∑?OmHifhMyhn,6,0,1,9,7,8,2,6,8,6,,,,,,
5,Ë≥áÂ∑•Á≥?112598795,?≠Ê???cJuh64aEGU,4,4,8,6,0,0,6,10,8,7,,,,,,,
6,Ë≥áÂ∑•?Ä,111C53042,Ê∫?ëΩÈπ?5vSoaVLEA6,9,0,9,1,9,3,2,9,10,4,,,,,,
7,Ë≥áÂ∑•Á≥?111598187,ÈÆµÁµº??d3RMFYhzPm,9,10,2,1,7,0,10,10,2,8,,,,,,,
8,Ë≥áÂ∑•?Ä,111C52990,È¥∏Á©£??5eLPmeSZCM,1,9,8,7,3,10,1,6,1,3,,,,,,
9,Ë≥áÂ∑•?Ä,111C52939,?âÈ?‰æ?i1OstCpLmQ,6,9,3,0,2,10,3,4,0,2,,,,,,
10,Ë≥áÂ∑•Á≥?111C53351,?πÁàßÊ©?Sfa5JnP6CV,8,3,0,9,0,4,7,0,10,3,,,,,,,
11,Ë≥áÂ∑•?Ä,112C71884,?àÊ?Ê∫?teiXwmN427,10,0,3,4,1,9,5,3,9,5,,,,,,
12,?ªË?AI,111C71857,?ôÊá∑Ê®?QAHS1RsDTG,10,8,4,7,7,7,9,5,4,1,,,,,,
13,?ªË?AI,111C52559,Ë¢®ÁñøÊ¢?6goxX1P2Mq,9,2,2,3,6,4,3,9,7,3,,,,,,
14,?ªË?AI,111C52020,?æË?Â≥?quEZMXAvZC,2,8,1,6,10,9,5,3,4,7,,,,,,
15,?ªË?Ë≥áÂ?,111C71231,È¥°Â∏©??fnKyQqLy6a,6,5,4,1,10,4,3,5,0,0,,,,,,
16,Ë≥áÂ∑•Á≥?112C53608,?¢Â???WSXpsi2ASS,7,0,6,7,10,0,8,10,0,5,,,,,,,
17,Ë≥áÂ∑•Á≥?112590870,Á∑ÅÁ†æ??KmUYct0Ywr,0,6,2,5,0,8,6,9,9,2,,,,,,,
18,?µÊñ∞AI,112C71500,Èπ¨È???cRV5mqVvPh,4,6,6,5,9,9,10,9,3,7,,,,,,
19,Ë≥áÂ∑•?Ä,112C53359,?öË???iOe03w4rxY,6,10,1,5,9,10,2,8,9,2,,,,,,
20,?ªË?Ë≥áÂ?,112590839,?áÂ???580ZEVwCti,7,1,10,5,5,6,5,0,5,10,,,,,,
21,?ªË?AI,112598720,?ìÂëπ??2Vz1PExqOg,7,5,2,4,5,9,10,0,10,9,,,,,,
22,Ë≥áÂ∑•Á≥?112C53247,ÂæÄ?áÊØØ,1QkdH6JyoR,4,1,9,10,5,4,10,1,7,10,,,,,,
23,Ë≥áÂ∑•Á≥?112C53964,?∂ËØæ??WYd25UwV7T,10,10,10,6,2,8,0,7,5,5,,,,,,,
24,?ªË?AI,111C53768,È≠òÁ´Ø??uTICKwRwqv,8,8,2,5,6,4,7,4,5,2,,,,,,
25,Ë≥áÂ∑•Á≥?111C52787,?∑È∑¨È∏?hQMPa6JeEW,3,9,6,0,8,9,5,8,1,2,,,,,,,
26,Ë≥áÂ∑•?Ä,112590142,Á®°È¢ø??OQOUlVUUE2,3,10,4,7,5,10,6,7,2,5,,,,,,
27,?ªË?Ë≥áÂ?,111590931,ÊøªÂ???cvX98dNGwh,2,7,2,9,3,3,1,0,4,2,,,,,,
28,Ë≥áÂ∑•Á≥?111598524,Á∞µÊÜªÁØ?3r3u89BO58,7,8,9,4,9,1,3,2,6,4,,,,,,,
29,Ë≥áÂ∑•Á≥?112598325,?èÈ???CGLHTtiqZ9,6,2,7,9,9,3,1,4,5,4,,,,,,,
30,Ë≥áÂ∑•?Ä,111C71480,ÊßîÈØ¶??UJD1Vutybk,4,9,5,9,0,0,1,4,1,7,,,,,,
31,Ë≥áÂ∑•Á≥?111598485,?ëÂò¢??TCa3KeHWEH,0,6,3,6,4,0,8,4,1,2,,,,,,,
32,?ªË?Ë≥áÂ?,111C71318,?™Âøº‰π?U7opRLDH1x,2,1,1,5,6,3,7,5,2,9,,,,,,
33,?µÊñ∞AI,112598834,?ÄÈØõÁ?,qlklwC4ZX4,9,10,9,6,2,10,1,10,7,3,,,,,
34,?µÊñ∞AI,111598050,?öÈæøÊ¥?v6h350BYjx,8,10,2,2,5,3,6,10,8,4,,,,,,
35,?µÊñ∞AI,112C53079,?ñÂÑπ??WZfrMx0Bl6,0,2,10,2,1,9,9,8,7,8,,,,,,
36,Ë≥áÂ∑•Á≥?111598589,ÂØåÁ???yOT8PluSDr,0,7,8,0,9,9,10,1,7,9,,,,,,,
37,Ë≥áÂ∑•?Ä,111590201,Ë¨∑Ê???kDT0RjQvkL,1,10,5,1,5,2,1,10,6,3,,,,,,
38,?µÊñ∞AI,111590540,Â°™È±¨Â£?yWb69hr7C8,7,7,2,8,2,6,1,4,10,6,,,,,,
39,?ªË?AI,111590205,?∫Ê?Ê¶?iSPi9ION3L,6,8,1,5,1,0,4,6,5,2,,,,,,
40,?ªË?Ë≥áÂ?,111598776,?ìÁ?Â¢?1laWSDnEkB,4,7,2,6,7,3,5,0,5,3,,,,,,
41,Ë≥áÂ∑•?Ä,111C52038,?ΩÂ?Ê≥?b1RzdGRWrX,2,6,2,0,4,4,6,7,5,5,,,,,,
42,?µÊñ∞AI,111590828,?ãÊÖ¨??sJhfpjjvSP,4,0,10,8,6,6,0,0,10,7,,,,,,
43,Ë≥áÂ∑•?Ä,112598734,ÂÆïÈñ£??JysoWtNK2G,4,4,4,6,2,7,6,9,1,0,,,,,,
44,Ë≥áÂ∑•?Ä,111590650,?±ÁÑ≥‰º?yGOTqEKEDn,3,7,7,2,3,0,0,4,4,6,,,,,,
45,Ë≥áÂ∑•?Ä,112598372,?éË???CI0459qU2s,2,4,3,3,4,10,7,10,5,10,,,,,,
46,?ªË?Ë≥áÂ?,111C71788,Ê™èË?ËΩ?PZzKUGxerS,0,4,0,8,0,7,5,4,8,1,,,,,,
47,?µÊñ∞AI,111C71635,?©Âû±Êµ?r3csZHOJzC,0,7,0,7,5,1,6,1,8,9,,,,,,
48,?ªË?AI,112C53755,Èπû‰ø∑Ê®?riTXuR88Ne,7,9,6,0,2,5,3,0,2,8,,,,,,
49,?µÊñ∞AI,112C53283,?∏ÂÉ≤??98SJdijF0R,4,5,10,0,3,3,9,2,7,7,,,,,,
50,?µÊñ∞AI,112C53031,Ê±ºÁ?Ëæ?3u0YRNXiJ5,9,2,0,0,2,4,3,10,6,6,,,,,,
51,?ªË?Ë≥áÂ?,112598056,?ÜË???WfFzC1rqqu,1,7,9,1,3,4,0,0,3,8,,,,,,
52,Ë≥áÂ∑•?Ä,112C52044,?±Ê¨∏??ywOSlVjCG1,7,9,7,10,1,8,1,4,5,0,,,,,,
53,?ªË?AI,111C71053,?∂Áë£Â¨?mLXuL8Dxhg,9,8,5,5,10,2,3,6,6,7,,,,,,
54,Ë≥áÂ∑•?Ä,112C71395,?¢Á∏∂??3pQqIIeA7o,7,5,0,7,3,2,2,4,7,10,,,,,,
55,?µÊñ∞AI,112C71160,Èø´Ê???qRs2fYMX1d,7,7,8,4,0,4,0,2,6,8,,,,,,
56,Ë≥áÂ∑•?Ä,112C53182,Ëø∂Â???AFE27lBfJ3,0,1,0,7,5,9,1,5,0,0,,,,,,
57,?ªË?Ë≥áÂ?,111598764,Ê¥≠Á???cJnnBct7JD,10,5,2,0,9,0,5,3,4,6,,,,,,
58,?ªË?AI,112598965,?≠Á´µÈΩ?nFAsUMVRuT,1,9,2,5,0,9,5,5,9,8,,,,,,
59,?ªË?AI,111C52662,ÈΩûÈ®∏È®?IlclxXh2kG,6,2,4,2,10,3,0,0,9,9,,,,,,
60,?ªË?Ë≥áÂ?,111C52738,Á∂êÈé∫??nVuqBSUTjz,7,3,1,1,7,7,5,7,6,4,,,,,,
61,?ªË?Ë≥áÂ?,112C53577,?ÑÁÅ≤??G7q3SanHQd,8,10,3,4,4,7,1,5,0,9,,,,,,
62,?µÊñ∞AI,112C53022,?™Â¶ÆÁ≥?q4hThMmxtg,6,2,9,9,4,5,7,3,2,6,,,,,,
63,?µÊñ∞AI,111C71544,?∫Â???vezf79EmfI,1,1,0,3,4,10,5,0,5,1,,,,,,
64,?ªË?Ë≥áÂ?,112C7108,?òÁπ£??I2z6aqd6IK,3,9,6,9,6,9,1,1,3,8,,,,,,
65,Ë≥áÂ∑•?Ä,112598513,?òË???2tyZey6n07,4,7,2,4,4,7,4,4,10,3,,,,,,
66,?ªË?AI,111598837,?ôÂõµ?Ä,LoX9PpbCds,7,0,6,2,3,9,3,5,7,9,,,,,
67,Ë≥áÂ∑•Á≥?111C53076,ÁΩΩÁ???eeBIRlvgqp,7,3,10,0,3,1,3,9,7,10,,,,,,,
68,Ë≥áÂ∑•?Ä,112C71140,Á≥ñË?Á•?ThstrCdg5G,7,1,7,2,0,3,2,10,2,2,,,,,,
69,Ë≥áÂ∑•Á≥?111598686,‰ª≠Â≤≥È≠?DTZNm8DpXU,8,6,8,3,10,2,8,10,1,8,,,,,,,
70,Ë≥áÂ∑•Á≥?111C52798,?ûÈ???Th09CkFvZ7,3,6,7,6,8,6,6,5,2,0,,,,,,,
71,Ë≥áÂ∑•?Ä,112C53437,?≥ÁùØ??GJ1opktT5b,4,7,3,6,1,8,10,3,10,4,,,,,,
72,Ë≥áÂ∑•Á≥?111C53169,???ËΩ?X2iHsuTF68,3,10,6,4,8,1,3,4,7,10,,,,,,,
73,Ë≥áÂ∑•?Ä,111590176,Â∂åÁ???sP6vqHHPN8,8,5,3,4,0,4,7,10,3,0,,,,,,
74,?ªË?Ë≥áÂ?,112598335,?¨Â?Ê∂?jQuV7iavku,3,4,10,6,0,4,9,9,2,1,,,,,,
75,?µÊñ∞AI,112590366,ËøíÂ???jkOIPqXFz5,2,7,9,7,4,9,10,1,9,9,,,,,,
76,Ë≥áÂ∑•?Ä,112590624,Á•∫Ë¨¶??CHz1Csp68Z,9,3,7,1,2,3,0,6,5,5,,,,,,
77,?ªË?AI,111C53729,ÂøôÁÆ±??7g7CjE1iFl,10,7,1,3,4,3,7,3,5,7,,,,,,
78,?µÊñ∞AI,112C71761,?±È???Y3k11Hpi9d,8,3,2,3,1,6,9,7,4,1,,,,,,
79,?µÊñ∞AI,111C53228,?ÆÈû∞Â∫?qPYNimIfEI,2,8,6,3,6,4,3,5,9,10,,,,,,
80,Ë≥áÂ∑•?Ä,111C53944,?æÈ?Ë£?owmlBWBpRQ,4,8,5,0,2,9,4,4,5,4,,,,,,
81,?ªË?AI,112598907,Â´®È?Èπ?C0UrI2CpvP,5,2,6,0,6,8,10,6,7,7,,,,,,
82,Ë≥áÂ∑•Á≥?112C71202,È¨öÁ?Áº?EWV2bp3jNw,9,0,2,7,8,7,0,1,5,0,,,,,,,
83,Ë≥áÂ∑•Á≥?112C53779,ËºêÊè¥Â∫?HrYnChch1F,3,7,8,7,0,7,9,4,4,7,,,,,,,
84,?µÊñ∞AI,112C52110,Ë®∞È†°Ë¥Ä,snvKanWPtJ,4,4,2,7,1,1,0,3,5,3,,,,,
85,Ë≥áÂ∑•?Ä,111590591,?¢‰ø¶Ë°?e5ZibzkVSm,5,8,7,0,3,6,4,6,6,0,,,,,,
86,Ë≥áÂ∑•Á≥?112C52084,?üÈ???stZwJaM24j,8,2,7,4,7,5,9,4,10,0,,,,,,,
87,Ë≥áÂ∑•?Ä,112C53215,?πÁ???yHroiP8Wsc,4,9,4,2,2,4,4,10,1,10,,,,,,
88,Ë≥áÂ∑•Á≥?111C52167,?ëËü®??TqDtHIqLCx,0,0,4,10,5,4,6,5,2,4,,,,,,,
89,?ªË?AI,112590766,?õÊ?Â•?F1Tk6BSA6p,0,0,10,8,4,5,1,5,0,9,,,,,,
90,?ªË?Ë≥áÂ?,111598372,?âË?Âæ?Gfx0UaM1fN,8,1,2,4,9,8,2,5,2,4,,,,,,
91,?µÊñ∞AI,112C71776,?≠Èî∏Á∞?ONrogwh3Hw,9,7,1,0,10,3,5,9,1,10,,,,,,
92,?µÊñ∞AI,112C71230,Áµ≠ÊÑ¶??28z5AeBKP4,4,8,5,10,10,6,3,10,9,6,,,,,,
93,?ªË?Ë≥áÂ?,112598411,?ªÂ?Ë¨?vTTZ6BLVx0,1,4,2,8,3,10,8,8,10,6,,,,,,
94,Ë≥áÂ∑•?Ä,112590756,‰∏ÑÊ∂∂??xbef676RAK,9,10,7,8,5,3,6,2,10,2,,,,,,
95,Ë≥áÂ∑•?Ä,111C53945,Êµ°Ëî¶Ê∑?psdVpR5nzL,6,3,4,6,7,0,9,7,8,9,,,,,,
96,?µÊñ∞AI,111C52381,Ê°™Á¨ΩË∑?I6XeoJtAUp,8,3,9,9,9,3,1,3,6,3,,,,,,
97,Ë≥áÂ∑•Á≥?111C52828,?ãËï¥ÈΩ?qX9ziJm3ru,6,5,0,4,2,8,8,9,7,10,,,,,,,
98,Ë≥áÂ∑•Á≥?112C71616,È´çÊ?‰π?D3mRBoGblS,10,8,2,6,4,5,1,5,6,10,,,,,,,
99,?ªË?AI,112590916,?§Â?Â•?K3ASeCodDN,8,10,6,6,8,2,3,5,8,6,,,,,,
100,Ë≥áÂ∑•Á≥?111598777,È±ç‰?ÁΩ?FnXVDN1dls,0,5,6,3,2,2,0,7,9,0,,,,,,,
101,Ë≥áÂ∑•?Ä,112C53612,?èÁ???lj6E1g4wgM,0,1,6,7,3,10,4,2,6,2,,,,,,
102,?ªË?AI,112598252,Á¢ÖÈø§Áæ?x2oq8BzkZc,2,5,10,10,10,6,2,5,6,7,,,,,,
103,?µÊñ∞AI,112C53152,Ë´≠Áö´ÁØ?WVGwq9lhzv,10,9,1,10,10,6,3,0,0,5,,,,,,
104,?ªË?Ë≥áÂ?,112C52878,?§Èì•ËΩ?JPbyH4zPlf,0,7,3,0,10,10,10,4,7,8,,,,,,
105,Ë≥áÂ∑•Á≥?112590033,ÊØπË?Ê¶?fN7LwisXfF,2,1,10,6,10,9,1,7,1,4,,,,,,,
106,?ªË?Ë≥áÂ?,112C71492,?∞È???ClKzLa4TUF,7,7,3,3,8,3,4,1,3,3,,,,,,
107,Ë≥áÂ∑•?Ä,112590033,?§È?Ê•?l8GqJd79aN,1,9,2,1,8,0,4,4,7,3,,,,,,
108,?ªË?AI,111C71813,?ïÊ?Â∞?AekEeTUQtY,3,3,9,8,0,0,4,1,6,9,,,,,,
109,?ªË?Ë≥áÂ?,112C53831,‰∫¥Ë???4NXdcBAACR,7,2,8,5,2,4,9,2,5,7,,,,,,
110,Ë≥áÂ∑•?Ä,111598500,Ë§ÑÊ???MI9nvzCCvy,8,8,0,1,1,0,6,9,0,7,,,,,,
111,Ë≥áÂ∑•?Ä,112590058,Ê≤™È???ZF15z2bgpk,4,3,1,8,5,0,9,7,3,4,,,,,,
112,?µÊñ∞AI,111598815,Âæ∞Ë?Â≠Ä,PEps93Revh,0,4,5,2,10,6,10,0,3,2,,,,,
113,Ë≥áÂ∑•Á≥?112C71964,Êª±Â?Á¨?5qLpd4PwAu,2,7,2,2,10,3,1,1,6,1,,,,,,,
114,?ªË?Ë≥áÂ?,112C52072,ËΩµÂ≤Ø‰π?gEimydx0mN,3,0,5,8,8,0,6,9,8,5,,,,,,
115,Ë≥áÂ∑•Á≥?112C53496,?ïÈ§©??weVsy8Jo61,3,2,9,2,0,2,4,3,10,9,,,,,,,
116,Ë≥áÂ∑•Á≥?112C71110,?¥Ë°£‰Ω?TTGPEho5H6,0,8,4,3,10,4,4,1,5,4,,,,,,,
117,?ªË?AI,112C71298,Ë∑™Âë∂??szLZTHSpNQ,9,0,7,1,4,2,3,5,1,1,,,,,,
118,Ë≥áÂ∑•Á≥?112598560,ÈØ•Ê∫±??g6pAOCm2I2,0,10,10,5,7,8,6,3,3,4,,,,,,,
119,?ªË?AI,111598280,?ïÈâ∫??GgOtFA8zX0,2,1,7,2,5,3,2,5,0,3,,,,,,
120,?ªË?Ë≥áÂ?,112598060,Á≠æÈ???uP8Dlk1atS,4,2,5,8,0,3,2,8,1,2,,,,,,
